second,queries,ok,fail,fail_pct,wan_queries,wan_fail_pct,lan_queries,lan_fail_pct,top_errors
0,5,5,0,0.0,5,0.0,0,0,-
1,5,5,0,0.0,5,0.0,0,0,-
2,5,5,0,0.0,5,0.0,0,0,-
3,5,5,0,0.0,5,0.0,0,0,-
4,5,4,1,20.0,5,20.0,0,0,timeout:1
5,5,5,0,0.0,4,0.0,1,0.0,-
6,5,5,0,0.0,5,0.0,0,0,-
7,5,5,0,0.0,5,0.0,0,0,-
8,5,5,0,0.0,5,0.0,0,0,-
9,5,5,0,0.0,5,0.0,0,0,-
10,5,5,0,0.0,5,0.0,0,0,-
11,5,5,0,0.0,5,0.0,0,0,-
12,5,5,0,0.0,5,0.0,0,0,-
13,5,5,0,0.0,5,0.0,0,0,-
14,5,5,0,0.0,5,0.0,0,0,-
15,5,5,0,0.0,5,0.0,0,0,-
16,5,5,0,0.0,5,0.0,0,0,-
17,5,5,0,0.0,4,0.0,1,0.0,-
18,5,5,0,0.0,5,0.0,0,0,-
19,5,5,0,0.0,5,0.0,0,0,-
20,5,5,0,0.0,5,0.0,0,0,-
21,5,5,0,0.0,4,0.0,1,0.0,-
22,5,5,0,0.0,5,0.0,0,0,-
23,5,5,0,0.0,5,0.0,0,0,-
24,5,5,0,0.0,5,0.0,0,0,-
25,5,5,0,0.0,5,0.0,0,0,-
26,5,5,0,0.0,5,0.0,0,0,-
27,5,5,0,0.0,5,0.0,0,0,-
28,5,5,0,0.0,5,0.0,0,0,-
29,5,5,0,0.0,4,0.0,1,0.0,-
30,5,5,0,0.0,5,0.0,0,0,-
31,5,5,0,0.0,5,0.0,0,0,-
32,5,5,0,0.0,5,0.0,0,0,-
33,5,5,0,0.0,5,0.0,0,0,-
34,5,5,0,0.0,5,0.0,0,0,-
35,5,5,0,0.0,5,0.0,0,0,-
36,5,5,0,0.0,5,0.0,0,0,-
37,5,5,0,0.0,5,0.0,0,0,-
38,5,5,0,0.0,4,0.0,1,0.0,-
39,5,5,0,0.0,5,0.0,0,0,-
40,5,5,0,0.0,5,0.0,0,0,-
41,5,5,0,0.0,5,0.0,0,0,-
42,5,5,0,0.0,5,0.0,0,0,-
43,5,5,0,0.0,5,0.0,0,0,-
44,5,5,0,0.0,5,0.0,0,0,-
45,5,5,0,0.0,5,0.0,0,0,-
46,5,5,0,0.0,5,0.0,0,0,-
47,5,5,0,0.0,5,0.0,0,0,-
48,5,5,0,0.0,4,0.0,1,0.0,-
49,5,5,0,0.0,5,0.0,0,0,-
50,5,5,0,0.0,5,0.0,0,0,-
51,5,5,0,0.0,5,0.0,0,0,-
52,5,5,0,0.0,4,0.0,1,0.0,-
53,5,5,0,0.0,5,0.0,0,0,-
54,5,5,0,0.0,5,0.0,0,0,-
55,5,5,0,0.0,5,0.0,0,0,-
56,5,5,0,0.0,5,0.0,0,0,-
57,5,5,0,0.0,5,0.0,0,0,-
58,5,5,0,0.0,5,0.0,0,0,-
59,5,5,0,0.0,5,0.0,0,0,-
60,5,5,0,0.0,5,0.0,0,0,-
61,5,5,0,0.0,5,0.0,0,0,-
62,4,4,0,0.0,4,0.0,0,0,-
63,5,5,0,0.0,5,0.0,0,0,-
64,5,5,0,0.0,4,0.0,1,0.0,-
65,5,5,0,0.0,5,0.0,0,0,-
66,5,5,0,0.0,5,0.0,0,0,-
67,5,5,0,0.0,5,0.0,0,0,-
68,5,5,0,0.0,5,0.0,0,0,-
69,5,5,0,0.0,5,0.0,0,0,-
70,5,5,0,0.0,5,0.0,0,0,-
71,5,5,0,0.0,5,0.0,0,0,-
72,5,5,0,0.0,4,0.0,1,0.0,-
73,5,5,0,0.0,5,0.0,0,0,-
74,5,5,0,0.0,5,0.0,0,0,-
75,5,5,0,0.0,5,0.0,0,0,-
76,5,5,0,0.0,5,0.0,0,0,-
77,5,5,0,0.0,5,0.0,0,0,-
78,5,5,0,0.0,5,0.0,0,0,-
79,5,5,0,0.0,5,0.0,0,0,-
80,5,5,0,0.0,5,0.0,0,0,-
81,5,5,0,0.0,5,0.0,0,0,-
82,5,5,0,0.0,4,0.0,1,0.0,-
83,5,5,0,0.0,5,0.0,0,0,-
84,5,5,0,0.0,5,0.0,0,0,-
85,5,5,0,0.0,5,0.0,0,0,-
86,5,5,0,0.0,5,0.0,0,0,-
87,5,5,0,0.0,5,0.0,0,0,-
88,5,5,0,0.0,5,0.0,0,0,-
89,5,5,0,0.0,5,0.0,0,0,-
90,5,5,0,0.0,5,0.0,0,0,-
91,5,5,0,0.0,5,0.0,0,0,-
92,5,4,1,20.0,5,20.0,0,0,timeout:1
93,5,5,0,0.0,5,0.0,0,0,-
94,5,5,0,0.0,5,0.0,0,0,-
95,5,5,0,0.0,4,0.0,1,0.0,-
96,5,5,0,0.0,5,0.0,0,0,-
97,5,5,0,0.0,5,0.0,0,0,-
98,5,5,0,0.0,5,0.0,0,0,-
99,5,5,0,0.0,5,0.0,0,0,-
100,5,5,0,0.0,5,0.0,0,0,-
101,5,5,0,0.0,5,0.0,0,0,-
102,5,5,0,0.0,5,0.0,0,0,-
103,5,5,0,0.0,5,0.0,0,0,-
104,5,5,0,0.0,4,0.0,1,0.0,-
105,5,5,0,0.0,5,0.0,0,0,-
106,5,5,0,0.0,5,0.0,0,0,-
107,5,5,0,0.0,5,0.0,0,0,-
108,5,5,0,0.0,5,0.0,0,0,-
109,5,5,0,0.0,5,0.0,0,0,-
110,5,5,0,0.0,4,0.0,1,0.0,-
111,5,5,0,0.0,5,0.0,0,0,-
112,5,5,0,0.0,5,0.0,0,0,-
113,5,5,0,0.0,5,0.0,0,0,-
114,5,5,0,0.0,5,0.0,0,0,-
115,5,5,0,0.0,5,0.0,0,0,-
116,5,5,0,0.0,5,0.0,0,0,-
117,5,5,0,0.0,5,0.0,0,0,-
118,5,5,0,0.0,5,0.0,0,0,-
119,5,5,0,0.0,5,0.0,0,0,-
120,5,5,0,0.0,5,0.0,0,0,-
121,5,5,0,0.0,5,0.0,0,0,-
122,5,5,0,0.0,4,0.0,1,0.0,-
123,5,5,0,0.0,5,0.0,0,0,-
124,5,5,0,0.0,5,0.0,0,0,-
125,5,5,0,0.0,5,0.0,0,0,-
126,5,5,0,0.0,5,0.0,0,0,-
127,5,5,0,0.0,5,0.0,0,0,-
128,5,5,0,0.0,5,0.0,0,0,-
129,5,5,0,0.0,5,0.0,0,0,-
130,5,5,0,0.0,5,0.0,0,0,-
131,5,5,0,0.0,4,0.0,1,0.0,-
132,5,5,0,0.0,5,0.0,0,0,-
133,5,5,0,0.0,5,0.0,0,0,-
134,5,5,0,0.0,5,0.0,0,0,-
135,5,5,0,0.0,5,0.0,0,0,-
136,5,5,0,0.0,5,0.0,0,0,-
137,5,5,0,0.0,4,0.0,1,0.0,-
138,5,5,0,0.0,5,0.0,0,0,-
139,5,5,0,0.0,5,0.0,0,0,-
140,5,5,0,0.0,5,0.0,0,0,-
141,5,5,0,0.0,5,0.0,0,0,-
142,5,5,0,0.0,5,0.0,0,0,-
143,5,5,0,0.0,5,0.0,0,0,-
144,5,5,0,0.0,4,0.0,1,0.0,-
145,4,4,0,0.0,4,0.0,0,0,-
146,5,5,0,0.0,5,0.0,0,0,-
147,5,5,0,0.0,5,0.0,0,0,-
148,5,5,0,0.0,5,0.0,0,0,-
149,5,5,0,0.0,5,0.0,0,0,-
150,5,5,0,0.0,5,0.0,0,0,-
151,5,5,0,0.0,5,0.0,0,0,-
152,5,5,0,0.0,5,0.0,0,0,-
153,5,5,0,0.0,5,0.0,0,0,-
154,5,5,0,0.0,5,0.0,0,0,-
155,5,5,0,0.0,4,0.0,1,0.0,-
156,5,5,0,0.0,5,0.0,0,0,-
157,5,5,0,0.0,5,0.0,0,0,-
158,5,5,0,0.0,5,0.0,0,0,-
159,5,5,0,0.0,5,0.0,0,0,-
160,5,5,0,0.0,5,0.0,0,0,-
161,5,5,0,0.0,5,0.0,0,0,-
162,5,5,0,0.0,5,0.0,0,0,-
163,5,5,0,0.0,4,0.0,1,0.0,-
164,5,5,0,0.0,5,0.0,0,0,-
165,5,5,0,0.0,5,0.0,0,0,-
166,5,5,0,0.0,5,0.0,0,0,-
167,5,5,0,0.0,4,0.0,1,0.0,-
168,5,5,0,0.0,5,0.0,0,0,-
169,5,5,0,0.0,5,0.0,0,0,-
170,5,5,0,0.0,5,0.0,0,0,-
171,5,5,0,0.0,5,0.0,0,0,-
172,5,5,0,0.0,5,0.0,0,0,-
173,5,5,0,0.0,5,0.0,0,0,-
174,5,5,0,0.0,5,0.0,0,0,-
175,5,5,0,0.0,5,0.0,0,0,-
176,5,5,0,0.0,5,0.0,0,0,-
177,5,5,0,0.0,5,0.0,0,0,-
178,5,5,0,0.0,5,0.0,0,0,-
179,5,5,0,0.0,5,0.0,0,0,-
180,5,5,0,0.0,5,0.0,0,0,-
181,5,5,0,0.0,4,0.0,1,0.0,-
182,5,5,0,0.0,5,0.0,0,0,-
183,5,5,0,0.0,5,0.0,0,0,-
184,5,5,0,0.0,5,0.0,0,0,-
185,5,5,0,0.0,5,0.0,0,0,-
186,5,5,0,0.0,5,0.0,0,0,-
187,5,5,0,0.0,5,0.0,0,0,-
188,5,5,0,0.0,4,0.0,1,0.0,-
189,5,5,0,0.0,5,0.0,0,0,-
190,5,5,0,0.0,5,0.0,0,0,-
191,5,5,0,0.0,5,0.0,0,0,-
192,5,5,0,0.0,5,0.0,0,0,-
193,5,5,0,0.0,5,0.0,0,0,-
194,5,5,0,0.0,5,0.0,0,0,-
195,5,5,0,0.0,5,0.0,0,0,-
196,5,5,0,0.0,5,0.0,0,0,-
197,5,5,0,0.0,4,0.0,1,0.0,-
198,5,5,0,0.0,5,0.0,0,0,-
199,5,5,0,0.0,5,0.0,0,0,-
200,5,4,1,20.0,5,20.0,0,0,timeout:1
201,5,5,0,0.0,5,0.0,0,0,-
202,5,5,0,0.0,5,0.0,0,0,-
203,5,5,0,0.0,4,0.0,1,0.0,-
204,5,5,0,0.0,5,0.0,0,0,-
205,5,5,0,0.0,5,0.0,0,0,-
206,5,5,0,0.0,5,0.0,0,0,-
207,5,5,0,0.0,5,0.0,0,0,-
208,5,5,0,0.0,5,0.0,0,0,-
209,5,5,0,0.0,5,0.0,0,0,-
210,5,5,0,0.0,5,0.0,0,0,-
211,5,5,0,0.0,5,0.0,0,0,-
212,5,5,0,0.0,4,0.0,1,0.0,-
213,5,5,0,0.0,5,0.0,0,0,-
214,5,5,0,0.0,5,0.0,0,0,-
215,5,5,0,0.0,5,0.0,0,0,-
216,5,5,0,0.0,5,0.0,0,0,-
217,5,5,0,0.0,5,0.0,0,0,-
218,5,5,0,0.0,5,0.0,0,0,-
219,5,5,0,0.0,5,0.0,0,0,-
220,5,5,0,0.0,5,0.0,0,0,-
221,5,5,0,0.0,5,0.0,0,0,-
222,5,5,0,0.0,4,0.0,1,0.0,-
223,5,5,0,0.0,5,0.0,0,0,-
224,5,5,0,0.0,5,0.0,0,0,-
225,5,4,1,20.0,5,20.0,0,0,SERVFAIL:1
226,5,5,0,0.0,5,0.0,0,0,-
227,5,5,0,0.0,5,0.0,0,0,-
228,5,5,0,0.0,5,0.0,0,0,-
229,5,5,0,0.0,5,0.0,0,0,-
230,5,5,0,0.0,4,0.0,1,0.0,-
231,5,4,1,20.0,5,20.0,0,0,timeout:1
232,5,5,0,0.0,5,0.0,0,0,-
233,5,5,0,0.0,5,0.0,0,0,-
234,5,5,0,0.0,5,0.0,0,0,-
235,5,5,0,0.0,5,0.0,0,0,-
236,5,5,0,0.0,5,0.0,0,0,-
237,5,5,0,0.0,5,0.0,0,0,-
238,5,5,0,0.0,5,0.0,0,0,-
239,5,5,0,0.0,4,0.0,1,0.0,-
240,5,5,0,0.0,5,0.0,0,0,-
241,5,5,0,0.0,5,0.0,0,0,-
242,4,4,0,0.0,4,0.0,0,0,-
243,5,5,0,0.0,5,0.0,0,0,-
244,5,5,0,0.0,5,0.0,0,0,-
245,5,5,0,0.0,5,0.0,0,0,-
246,5,5,0,0.0,5,0.0,0,0,-
247,5,5,0,0.0,5,0.0,0,0,-
248,5,5,0,0.0,4,0.0,1,0.0,-
249,5,4,1,20.0,5,20.0,0,0,timeout:1
250,5,5,0,0.0,5,0.0,0,0,-
251,5,5,0,0.0,5,0.0,0,0,-
252,5,5,0,0.0,5,0.0,0,0,-
253,5,5,0,0.0,5,0.0,0,0,-
254,5,5,0,0.0,5,0.0,0,0,-
255,5,5,0,0.0,5,0.0,0,0,-
256,5,5,0,0.0,4,0.0,1,0.0,-
257,5,5,0,0.0,5,0.0,0,0,-
258,5,5,0,0.0,5,0.0,0,0,-
259,5,5,0,0.0,5,0.0,0,0,-
260,5,5,0,0.0,5,0.0,0,0,-
261,5,5,0,0.0,5,0.0,0,0,-
262,5,5,0,0.0,5,0.0,0,0,-
263,5,5,0,0.0,5,0.0,0,0,-
264,5,5,0,0.0,5,0.0,0,0,-
265,5,5,0,0.0,5,0.0,0,0,-
266,5,5,0,0.0,5,0.0,0,0,-
267,5,5,0,0.0,5,0.0,0,0,-
268,5,5,0,0.0,4,0.0,1,0.0,-
269,5,5,0,0.0,5,0.0,0,0,-
270,5,5,0,0.0,5,0.0,0,0,-
271,5,5,0,0.0,5,0.0,0,0,-
272,5,5,0,0.0,5,0.0,0,0,-
273,5,5,0,0.0,5,0.0,0,0,-
274,5,5,0,0.0,5,0.0,0,0,-
275,5,5,0,0.0,5,0.0,0,0,-
276,5,5,0,0.0,5,0.0,0,0,-
277,5,5,0,0.0,4,0.0,1,0.0,-
278,5,5,0,0.0,5,0.0,0,0,-
279,5,5,0,0.0,5,0.0,0,0,-
280,5,4,1,20.0,5,20.0,0,0,timeout:1
281,5,5,0,0.0,5,0.0,0,0,-
282,5,4,1,20.0,5,20.0,0,0,timeout:1
283,5,5,0,0.0,5,0.0,0,0,-
284,5,5,0,0.0,5,0.0,0,0,-
285,5,5,0,0.0,5,0.0,0,0,-
286,5,4,1,20.0,4,25.0,1,0.0,timeout:1
287,5,4,1,20.0,5,20.0,0,0,timeout:1
288,5,5,0,0.0,5,0.0,0,0,-
289,5,5,0,0.0,5,0.0,0,0,-
290,5,5,0,0.0,5,0.0,0,0,-
291,5,4,1,20.0,4,25.0,1,0.0,timeout:1
292,5,5,0,0.0,5,0.0,0,0,-
293,5,5,0,0.0,5,0.0,0,0,-
294,5,5,0,0.0,5,0.0,0,0,-
295,5,5,0,0.0,5,0.0,0,0,-
296,5,5,0,0.0,5,0.0,0,0,-
297,5,4,1,20.0,5,20.0,0,0,SERVFAIL:1
298,5,5,0,0.0,5,0.0,0,0,-
299,5,5,0,0.0,5,0.0,0,0,-
300,5,5,0,0.0,5,0.0,0,0,-
301,5,5,0,0.0,5,0.0,0,0,-
302,5,5,0,0.0,5,0.0,0,0,-
303,5,5,0,0.0,5,0.0,0,0,-
304,5,5,0,0.0,4,0.0,1,0.0,-
305,5,5,0,0.0,5,0.0,0,0,-
306,5,5,0,0.0,5,0.0,0,0,-
307,5,5,0,0.0,5,0.0,0,0,-
308,5,5,0,0.0,5,0.0,0,0,-
309,5,5,0,0.0,5,0.0,0,0,-
310,5,5,0,0.0,5,0.0,0,0,-
311,5,5,0,0.0,5,0.0,0,0,-
312,5,5,0,0.0,4,0.0,1,0.0,-
313,5,5,0,0.0,5,0.0,0,0,-
314,5,5,0,0.0,5,0.0,0,0,-
315,5,5,0,0.0,5,0.0,0,0,-
316,5,5,0,0.0,5,0.0,0,0,-
317,5,5,0,0.0,5,0.0,0,0,-
318,5,5,0,0.0,5,0.0,0,0,-
319,5,5,0,0.0,5,0.0,0,0,-
320,5,5,0,0.0,5,0.0,0,0,-
321,5,5,0,0.0,5,0.0,0,0,-
322,5,5,0,0.0,5,0.0,0,0,-
323,5,5,0,0.0,5,0.0,0,0,-
324,5,5,0,0.0,4,0.0,1,0.0,-
325,5,5,0,0.0,5,0.0,0,0,-
326,5,5,0,0.0,5,0.0,0,0,-
327,5,4,1,20.0,5,20.0,0,0,timeout:1
328,5,5,0,0.0,5,0.0,0,0,-
329,5,5,0,0.0,5,0.0,0,0,-
330,5,5,0,0.0,4,0.0,1,0.0,-
331,5,4,1,20.0,5,20.0,0,0,timeout:1
332,5,4,1,20.0,5,20.0,0,0,timeout:1
333,5,5,0,0.0,5,0.0,0,0,-
334,5,5,0,0.0,5,0.0,0,0,-
335,5,4,1,20.0,5,20.0,0,0,timeout:1
336,5,5,0,0.0,5,0.0,0,0,-
337,5,5,0,0.0,5,0.0,0,0,-
338,5,4,1,20.0,5,20.0,0,0,timeout:1
339,5,5,0,0.0,5,0.0,0,0,-
340,5,5,0,0.0,5,0.0,0,0,-
341,4,4,0,0.0,4,0.0,0,0,-
342,5,5,0,0.0,4,0.0,1,0.0,-
343,5,5,0,0.0,5,0.0,0,0,-
344,5,5,0,0.0,4,0.0,1,0.0,-
345,5,5,0,0.0,5,0.0,0,0,-
346,5,5,0,0.0,5,0.0,0,0,-
347,5,4,1,20.0,5,20.0,0,0,timeout:1
348,5,5,0,0.0,5,0.0,0,0,-
349,5,5,0,0.0,5,0.0,0,0,-
350,5,5,0,0.0,5,0.0,0,0,-
351,5,5,0,0.0,5,0.0,0,0,-
352,5,5,0,0.0,5,0.0,0,0,-
353,5,5,0,0.0,5,0.0,0,0,-
354,5,5,0,0.0,5,0.0,0,0,-
355,5,5,0,0.0,4,0.0,1,0.0,-
356,5,5,0,0.0,5,0.0,0,0,-
357,5,5,0,0.0,5,0.0,0,0,-
358,5,5,0,0.0,5,0.0,0,0,-
359,5,5,0,0.0,5,0.0,0,0,-
360,5,5,0,0.0,5,0.0,0,0,-
361,5,5,0,0.0,5,0.0,0,0,-
362,5,5,0,0.0,4,0.0,1,0.0,-
363,5,4,1,20.0,5,20.0,0,0,SERVFAIL:1
364,5,5,0,0.0,5,0.0,0,0,-
365,5,5,0,0.0,5,0.0,0,0,-
366,5,5,0,0.0,5,0.0,0,0,-
367,5,5,0,0.0,5,0.0,0,0,-
368,5,4,1,20.0,5,20.0,0,0,timeout:1
369,5,5,0,0.0,5,0.0,0,0,-
370,5,5,0,0.0,5,0.0,0,0,-
371,5,4,1,20.0,5,20.0,0,0,timeout:1
372,5,5,0,0.0,5,0.0,0,0,-
373,5,5,0,0.0,5,0.0,0,0,-
374,5,5,0,0.0,5,0.0,0,0,-
375,5,5,0,0.0,5,0.0,0,0,-
376,5,5,0,0.0,4,0.0,1,0.0,-
377,5,5,0,0.0,5,0.0,0,0,-
378,5,5,0,0.0,5,0.0,0,0,-
379,5,5,0,0.0,5,0.0,0,0,-
380,5,5,0,0.0,5,0.0,0,0,-
381,5,5,0,0.0,5,0.0,0,0,-
382,5,5,0,0.0,5,0.0,0,0,-
383,5,5,0,0.0,5,0.0,0,0,-
384,5,5,0,0.0,5,0.0,0,0,-
385,5,5,0,0.0,4,0.0,1,0.0,-
386,5,5,0,0.0,5,0.0,0,0,-
387,5,5,0,0.0,5,0.0,0,0,-
388,5,5,0,0.0,5,0.0,0,0,-
389,5,5,0,0.0,5,0.0,0,0,-
390,5,5,0,0.0,5,0.0,0,0,-
391,5,5,0,0.0,5,0.0,0,0,-
392,5,5,0,0.0,5,0.0,0,0,-
393,5,5,0,0.0,4,0.0,1,0.0,-
394,5,5,0,0.0,5,0.0,0,0,-
395,5,5,0,0.0,5,0.0,0,0,-
396,5,5,0,0.0,5,0.0,0,0,-
397,5,5,0,0.0,5,0.0,0,0,-
398,5,5,0,0.0,5,0.0,0,0,-
399,5,5,0,0.0,5,0.0,0,0,-
400,5,5,0,0.0,4,0.0,1,0.0,-
401,5,5,0,0.0,5,0.0,0,0,-
402,5,5,0,0.0,5,0.0,0,0,-
403,5,5,0,0.0,5,0.0,0,0,-
404,5,5,0,0.0,5,0.0,0,0,-
405,5,5,0,0.0,5,0.0,0,0,-
406,5,5,0,0.0,5,0.0,0,0,-
407,5,5,0,0.0,5,0.0,0,0,-
408,5,5,0,0.0,4,0.0,1,0.0,-
409,5,5,0,0.0,5,0.0,0,0,-
410,5,5,0,0.0,5,0.0,0,0,-
411,5,5,0,0.0,5,0.0,0,0,-
412,5,5,0,0.0,5,0.0,0,0,-
413,5,5,0,0.0,5,0.0,0,0,-
414,5,5,0,0.0,5,0.0,0,0,-
415,5,5,0,0.0,5,0.0,0,0,-
416,5,5,0,0.0,5,0.0,0,0,-
417,5,5,0,0.0,5,0.0,0,0,-
418,5,5,0,0.0,4,0.0,1,0.0,-
419,5,5,0,0.0,5,0.0,0,0,-
420,5,5,0,0.0,5,0.0,0,0,-
421,5,5,0,0.0,5,0.0,0,0,-
422,5,5,0,0.0,5,0.0,0,0,-
423,5,5,0,0.0,5,0.0,0,0,-
424,5,5,0,0.0,4,0.0,1,0.0,-
425,5,5,0,0.0,5,0.0,0,0,-
426,5,5,0,0.0,5,0.0,0,0,-
427,5,5,0,0.0,5,0.0,0,0,-
428,5,5,0,0.0,5,0.0,0,0,-
429,5,5,0,0.0,5,0.0,0,0,-
430,5,5,0,0.0,5,0.0,0,0,-
431,5,5,0,0.0,5,0.0,0,0,-
432,4,4,0,0.0,4,0.0,0,0,-
433,5,5,0,0.0,5,0.0,0,0,-
434,5,5,0,0.0,5,0.0,0,0,-
435,5,5,0,0.0,5,0.0,0,0,-
436,5,5,0,0.0,5,0.0,0,0,-
437,5,5,0,0.0,5,0.0,0,0,-
438,5,5,0,0.0,5,0.0,0,0,-
439,5,5,0,0.0,5,0.0,0,0,-
440,5,5,0,0.0,4,0.0,1,0.0,-
441,5,5,0,0.0,4,0.0,1,0.0,-
442,5,4,1,20.0,5,20.0,0,0,timeout:1
443,5,5,0,0.0,5,0.0,0,0,-
444,5,5,0,0.0,5,0.0,0,0,-
445,5,5,0,0.0,5,0.0,0,0,-
446,5,5,0,0.0,5,0.0,0,0,-
447,5,5,0,0.0,5,0.0,0,0,-
448,5,5,0,0.0,5,0.0,0,0,-
449,5,5,0,0.0,5,0.0,0,0,-
450,5,5,0,0.0,4,0.0,1,0.0,-
451,5,5,0,0.0,5,0.0,0,0,-
452,5,5,0,0.0,5,0.0,0,0,-
453,5,5,0,0.0,5,0.0,0,0,-
454,5,5,0,0.0,5,0.0,0,0,-
455,5,5,0,0.0,5,0.0,0,0,-
456,5,5,0,0.0,5,0.0,0,0,-
457,5,5,0,0.0,5,0.0,0,0,-
458,5,5,0,0.0,5,0.0,0,0,-
459,5,5,0,0.0,5,0.0,0,0,-
460,5,5,0,0.0,5,0.0,0,0,-
461,5,5,0,0.0,5,0.0,0,0,-
462,5,5,0,0.0,5,0.0,0,0,-
463,5,5,0,0.0,4,0.0,1,0.0,-
464,5,5,0,0.0,5,0.0,0,0,-
465,5,5,0,0.0,5,0.0,0,0,-
466,5,5,0,0.0,5,0.0,0,0,-
467,5,5,0,0.0,5,0.0,0,0,-
468,5,5,0,0.0,5,0.0,0,0,-
469,5,5,0,0.0,5,0.0,0,0,-
470,5,5,0,0.0,5,0.0,0,0,-
471,5,5,0,0.0,5,0.0,0,0,-
472,5,5,0,0.0,5,0.0,0,0,-
473,5,5,0,0.0,4,0.0,1,0.0,-
474,5,5,0,0.0,5,0.0,0,0,-
475,5,5,0,0.0,5,0.0,0,0,-
476,5,5,0,0.0,5,0.0,0,0,-
477,5,5,0,0.0,5,0.0,0,0,-
478,5,5,0,0.0,5,0.0,0,0,-
479,5,5,0,0.0,5,0.0,0,0,-
480,5,5,0,0.0,4,0.0,1,0.0,-
481,5,5,0,0.0,5,0.0,0,0,-
482,5,5,0,0.0,5,0.0,0,0,-
483,5,5,0,0.0,5,0.0,0,0,-
484,5,5,0,0.0,5,0.0,0,0,-
485,5,5,0,0.0,5,0.0,0,0,-
486,5,5,0,0.0,5,0.0,0,0,-
487,5,5,0,0.0,5,0.0,0,0,-
488,5,5,0,0.0,4,0.0,1,0.0,-
489,5,5,0,0.0,5,0.0,0,0,-
490,5,5,0,0.0,5,0.0,0,0,-
491,5,5,0,0.0,5,0.0,0,0,-
492,5,5,0,0.0,5,0.0,0,0,-
493,5,5,0,0.0,5,0.0,0,0,-
494,5,4,1,20.0,4,25.0,1,0.0,SERVFAIL:1
495,5,5,0,0.0,5,0.0,0,0,-
496,5,5,0,0.0,5,0.0,0,0,-
497,5,5,0,0.0,5,0.0,0,0,-
498,5,5,0,0.0,5,0.0,0,0,-
499,5,5,0,0.0,5,0.0,0,0,-
500,5,5,0,0.0,5,0.0,0,0,-
501,5,5,0,0.0,5,0.0,0,0,-
502,5,5,0,0.0,5,0.0,0,0,-
503,5,5,0,0.0,5,0.0,0,0,-
504,5,5,0,0.0,5,0.0,0,0,-
505,5,5,0,0.0,5,0.0,0,0,-
506,5,5,0,0.0,5,0.0,0,0,-
507,5,5,0,0.0,5,0.0,0,0,-
508,4,4,0,0.0,3,0.0,1,0.0,-
509,5,5,0,0.0,5,0.0,0,0,-
510,5,5,0,0.0,5,0.0,0,0,-
511,5,5,0,0.0,5,0.0,0,0,-
512,5,5,0,0.0,5,0.0,0,0,-
513,5,5,0,0.0,5,0.0,0,0,-
514,5,5,0,0.0,5,0.0,0,0,-
515,5,5,0,0.0,5,0.0,0,0,-
516,5,5,0,0.0,5,0.0,0,0,-
517,5,5,0,0.0,5,0.0,0,0,-
518,5,5,0,0.0,5,0.0,0,0,-
519,5,5,0,0.0,4,0.0,1,0.0,-
520,5,5,0,0.0,5,0.0,0,0,-
521,5,5,0,0.0,5,0.0,0,0,-
522,5,5,0,0.0,5,0.0,0,0,-
523,5,5,0,0.0,4,0.0,1,0.0,-
524,5,5,0,0.0,5,0.0,0,0,-
525,5,5,0,0.0,5,0.0,0,0,-
526,5,5,0,0.0,5,0.0,0,0,-
527,5,5,0,0.0,5,0.0,0,0,-
528,5,5,0,0.0,5,0.0,0,0,-
529,5,5,0,0.0,4,0.0,1,0.0,-
530,5,5,0,0.0,5,0.0,0,0,-
531,5,5,0,0.0,5,0.0,0,0,-
532,5,5,0,0.0,5,0.0,0,0,-
533,5,5,0,0.0,5,0.0,0,0,-
534,5,5,0,0.0,5,0.0,0,0,-
535,5,5,0,0.0,5,0.0,0,0,-
536,5,5,0,0.0,5,0.0,0,0,-
537,5,5,0,0.0,5,0.0,0,0,-
538,5,5,0,0.0,5,0.0,0,0,-
539,5,5,0,0.0,5,0.0,0,0,-
540,5,5,0,0.0,5,0.0,0,0,-
541,5,5,0,0.0,4,0.0,1,0.0,-
542,5,5,0,0.0,5,0.0,0,0,-
543,5,5,0,0.0,5,0.0,0,0,-
544,5,5,0,0.0,5,0.0,0,0,-
545,5,5,0,0.0,5,0.0,0,0,-
546,5,5,0,0.0,5,0.0,0,0,-
547,5,5,0,0.0,5,0.0,0,0,-
548,5,5,0,0.0,5,0.0,0,0,-
549,5,5,0,0.0,5,0.0,0,0,-
550,5,5,0,0.0,5,0.0,0,0,-
551,5,5,0,0.0,5,0.0,0,0,-
552,5,5,0,0.0,5,0.0,0,0,-
553,5,5,0,0.0,4,0.0,1,0.0,-
554,5,5,0,0.0,5,0.0,0,0,-
555,5,5,0,0.0,5,0.0,0,0,-
556,5,5,0,0.0,5,0.0,0,0,-
557,5,5,0,0.0,5,0.0,0,0,-
558,5,5,0,0.0,5,0.0,0,0,-
559,5,5,0,0.0,5,0.0,0,0,-
560,5,5,0,0.0,5,0.0,0,0,-
561,5,5,0,0.0,5,0.0,0,0,-
562,5,5,0,0.0,5,0.0,0,0,-
563,5,5,0,0.0,5,0.0,0,0,-
564,5,4,1,20.0,4,25.0,1,0.0,timeout:1
565,5,5,0,0.0,5,0.0,0,0,-
566,5,5,0,0.0,4,0.0,1,0.0,-
567,5,5,0,0.0,5,0.0,0,0,-
568,5,5,0,0.0,5,0.0,0,0,-
569,5,5,0,0.0,5,0.0,0,0,-
570,5,5,0,0.0,5,0.0,0,0,-
571,5,5,0,0.0,5,0.0,0,0,-
572,5,5,0,0.0,5,0.0,0,0,-
573,5,5,0,0.0,5,0.0,0,0,-
574,5,5,0,0.0,5,0.0,0,0,-
575,5,4,1,20.0,5,20.0,0,0,SERVFAIL:1
576,5,5,0,0.0,5,0.0,0,0,-
577,5,5,0,0.0,5,0.0,0,0,-
578,5,5,0,0.0,4,0.0,1,0.0,-
579,5,5,0,0.0,5,0.0,0,0,-
580,5,5,0,0.0,5,0.0,0,0,-
581,5,5,0,0.0,5,0.0,0,0,-
582,5,5,0,0.0,5,0.0,0,0,-
583,5,5,0,0.0,4,0.0,1,0.0,-
584,5,5,0,0.0,5,0.0,0,0,-
585,5,5,0,0.0,5,0.0,0,0,-
586,4,4,0,0.0,4,0.0,0,0,-
587,5,5,0,0.0,5,0.0,0,0,-
588,5,5,0,0.0,5,0.0,0,0,-
589,5,5,0,0.0,5,0.0,0,0,-
590,5,5,0,0.0,5,0.0,0,0,-
591,5,5,0,0.0,5,0.0,0,0,-
592,5,5,0,0.0,5,0.0,0,0,-
593,5,5,0,0.0,5,0.0,0,0,-
594,5,5,0,0.0,5,0.0,0,0,-
595,5,5,0,0.0,5,0.0,0,0,-
596,5,5,0,0.0,5,0.0,0,0,-
597,5,5,0,0.0,5,0.0,0,0,-
598,5,5,0,0.0,4,0.0,1,0.0,-
599,5,5,0,0.0,5,0.0,0,0,-
600,5,5,0,0.0,5,0.0,0,0,-
601,5,5,0,0.0,5,0.0,0,0,-
602,5,5,0,0.0,4,0.0,1,0.0,-
603,5,5,0,0.0,5,0.0,0,0,-
604,5,5,0,0.0,5,0.0,0,0,-
605,5,5,0,0.0,5,0.0,0,0,-
606,5,5,0,0.0,5,0.0,0,0,-
607,5,5,0,0.0,5,0.0,0,0,-
608,5,5,0,0.0,5,0.0,0,0,-
609,5,5,0,0.0,5,0.0,0,0,-
610,5,5,0,0.0,5,0.0,0,0,-
611,5,5,0,0.0,5,0.0,0,0,-
612,5,5,0,0.0,4,0.0,1,0.0,-
613,5,5,0,0.0,5,0.0,0,0,-
614,5,5,0,0.0,5,0.0,0,0,-
615,5,5,0,0.0,5,0.0,0,0,-
616,5,4,1,20.0,5,20.0,0,0,SERVFAIL:1
617,5,5,0,0.0,5,0.0,0,0,-
618,5,5,0,0.0,5,0.0,0,0,-
619,5,5,0,0.0,5,0.0,0,0,-
620,5,5,0,0.0,5,0.0,0,0,-
621,5,5,0,0.0,4,0.0,1,0.0,-
622,5,5,0,0.0,5,0.0,0,0,-
623,5,5,0,0.0,5,0.0,0,0,-
624,5,5,0,0.0,5,0.0,0,0,-
625,5,5,0,0.0,5,0.0,0,0,-
626,5,5,0,0.0,5,0.0,0,0,-
627,5,5,0,0.0,5,0.0,0,0,-
628,5,5,0,0.0,5,0.0,0,0,-
629,5,5,0,0.0,5,0.0,0,0,-
630,5,5,0,0.0,5,0.0,0,0,-
631,5,5,0,0.0,5,0.0,0,0,-
632,5,5,0,0.0,4,0.0,1,0.0,-
633,5,5,0,0.0,5,0.0,0,0,-
634,5,5,0,0.0,5,0.0,0,0,-
